{"err_s_label_train": 0.03175218030810356, "err_s_domain_train": 0.004945490974932909, "err_t_label_train": 0.0007666796445846558, "err_t_domain_train": 0.0046445149928331375, "total_loss": 0.6246117353439331, "accu_s_test": 0.8422, "accu_t_test": 0.7634707254749472, "_timestamp": 1715354636.0993166, "_runtime": 590.4487986564636, "_step": 99, "_wandb": {"runtime": 588}}