{"err_s_label_train": 0.002359186066314578, "err_s_domain_train": 0.0051768203265964985, "err_t_label_train": 0.011404914781451225, "err_t_domain_train": 0.004838378634303808, "total_loss": 0.6590993404388428, "accu_s_test": 0.9244, "accu_t_test": 0.7530274413954006, "_timestamp": 1715628582.0467265, "_runtime": 552.0352575778961, "_step": 99, "_wandb": {"runtime": 550}}