{"err_s_label_train": 0.003382762661203742, "err_s_domain_train": 0.005250714253634214, "err_t_label_train": 0.0009610771667212248, "err_t_domain_train": 0.005089441314339638, "total_loss": 0.667409360408783, "accu_s_test": 0.8836, "accu_t_test": 0.7210309965559383, "_timestamp": 1715755481.349886, "_runtime": 541.5755350589752, "_step": 99, "_wandb": {"runtime": 539}}