{"err_s_label_train": 0.010980687104165554, "err_s_domain_train": 0.004705021623522043, "err_t_label_train": NaN, "err_t_domain_train": 0.004594151861965656, "total_loss": NaN, "accu_s_test": 0.9138, "accu_t_test": 0.7422508610154427, "_timestamp": 1715164689.9109473, "_runtime": 570.1642653942108, "_step": 99, "_wandb": {"runtime": 568}}