{"err_s_label_train": 7.613987445831299, "err_s_domain_train": 150.92234802246094, "err_t_label_train": 3.0383899211883545, "err_t_domain_train": 173.38551330566406, "accu_s_test": 0.8617, "accu_t_test": 0.3941784246194867, "_timestamp": 1707211453.473827, "_runtime": 5773.97598695755, "_step": 99, "_wandb": {"runtime": 5772}}