{"err_s_label_train": 0.03157607465982437, "err_s_domain_train": 0.005003995727747679, "err_t_label_train": 0.0014499792596325278, "err_t_domain_train": 0.005045918747782707, "total_loss": 0.6627123355865479, "accu_s_test": 0.8948, "accu_t_test": 0.7869125652705254, "_timestamp": 1715733483.3809533, "_runtime": 541.2063643932343, "_step": 99, "_wandb": {"runtime": 539}}