{"err_s_label_train": 0.07956928759813309, "err_s_domain_train": 0.0047484152019023895, "err_t_label_train": 0.002559191081672907, "err_t_domain_train": 0.004618775565177202, "total_loss": 0.6361903548240662, "accu_s_test": 0.8206, "accu_t_test": 0.6327074769470059, "_timestamp": 1715702752.0513072, "_runtime": 538.7171001434326, "_step": 99, "_wandb": {"runtime": 537}}