{"err_s_label_train": 0.18216413259506226, "err_s_domain_train": 0.6932042241096497, "err_t_label_train": 0.00014053787162993103, "err_t_domain_train": 0.6918745636940002, "total_loss": 88.73619842529297, "accu_s_test": 0.946, "accu_t_test": 0.7475836018220198, "_timestamp": 1710293498.9292908, "_runtime": 820.3789038658142, "_step": 299, "_wandb": {"runtime": 818}}