{"err_s_label_train": 0.0028627216815948486, "err_s_domain_train": 0.005074938293546438, "err_t_label_train": 0.00015040089783724397, "err_t_domain_train": 0.00496306736022234, "total_loss": 0.6526774764060974, "accu_s_test": 0.9295, "accu_t_test": 0.8164648372403066, "_timestamp": 1715454316.9124045, "_runtime": 590.6739485263824, "_step": 99, "_wandb": {"runtime": 589}}