{"err_s_label_train": 0.27794915437698364, "err_s_domain_train": 88.33351135253906, "err_t_label_train": 0.0, "err_t_domain_train": 88.3919906616211, "accu_s_test": 0.6989, "accu_t_test": 0.3492945228307966, "_timestamp": 1710017807.2912517, "_runtime": 365.488582611084, "_step": 99, "_wandb": {"runtime": 363}}