{"err_s_label_train": 0.0354270413517952, "err_s_domain_train": 0.004668090492486954, "err_t_label_train": 0.0005797850899398327, "err_t_domain_train": 0.00500291446223855, "total_loss": 0.6724907159805298, "accu_s_test": 0.8897, "accu_t_test": 0.6224863904010666, "_timestamp": 1715405576.9407346, "_runtime": 590.9808037281036, "_step": 99, "_wandb": {"runtime": 589}}