{"err_s_label_train": 0.3177977204322815, "err_s_domain_train": 0.6907001733779907, "err_t_label_train": 0.25010037422180176, "err_t_domain_train": 0.6892661452293396, "total_loss": 88.60179138183594, "accu_s_test": 0.5194, "accu_t_test": 0.30029996667036996, "_timestamp": 1712748424.4810622, "_runtime": 356.21336221694946, "_step": 99, "_wandb": {"runtime": 354}}