{"err_s_label_train": 0.3786008059978485, "err_s_domain_train": 0.6936728954315186, "err_t_label_train": NaN, "err_t_domain_train": 0.6953853964805603, "total_loss": 160.057373046875, "accu_s_test": 0.6251, "accu_t_test": 0.31796467059215644, "_timestamp": 1713948240.5629597, "_runtime": 667.7767956256866, "_step": 99, "_wandb": {"runtime": 666}}