{"err_s_label_train": 0.0006056696292944252, "err_s_domain_train": 0.0046578263863921165, "err_t_label_train": 0.1580471396446228, "err_t_domain_train": 0.004963184241205454, "total_loss": 0.6502310633659363, "accu_s_test": 0.9034, "accu_t_test": 0.7751360959893345, "_timestamp": 1715331345.2133222, "_runtime": 586.88281416893, "_step": 99, "_wandb": {"runtime": 585}}