{"err_s_label_train": 0.11919596046209335, "err_s_domain_train": 0.004917523358017206, "err_t_label_train": 3.075423592235893e-05, "err_t_domain_train": 0.005598606541752815, "total_loss": 0.7684444189071655, "accu_s_test": 0.8545, "accu_t_test": 0.6150427730252194, "_timestamp": 1715632919.9336312, "_runtime": 533.2131032943726, "_step": 99, "_wandb": {"runtime": 531}}