{"err_s_label_train": 0.00045148978824727237, "err_s_domain_train": 0.0051508271135389805, "err_t_label_train": NaN, "err_t_domain_train": 0.005427731666713953, "total_loss": NaN, "accu_s_test": 0.8741, "accu_t_test": 0.7236973669592267, "_timestamp": 1714611886.338664, "_runtime": 1939.4227890968323, "_step": 249, "_wandb": {"runtime": 1937}}