{"err_s_label_train": 0.030946452170610428, "err_s_domain_train": 0.005112963262945414, "err_t_label_train": 0.035414133220911026, "err_t_domain_train": 0.004598048981279135, "total_loss": 0.865567684173584, "accu_s_test": 0.9345, "accu_t_test": 0.7940228863459615, "_timestamp": 1715674294.737733, "_runtime": 536.2164599895477, "_step": 99, "_wandb": {"runtime": 534}}