{"_wandb": {"runtime": 21}, "err_s_label_train": 5.116540908813477, "err_s_domain_train": 170.3263702392578, "err_t_label_train": 2.4005653858184814, "err_t_domain_train": 169.2449188232422, "accu_s_test": 0.2386, "accu_t_test": 0.12976335962670815, "_timestamp": 1709320432.8120794, "_runtime": 21.21490454673767, "_step": 0}