{"err_s_label_train": 0.0034931686241179705, "err_s_domain_train": 0.004848700016736984, "err_t_label_train": 0.0023646983318030834, "err_t_domain_train": 0.00485161691904068, "total_loss": 0.6337558031082153, "accu_s_test": 0.9146, "accu_t_test": 0.7189201199866682, "_timestamp": 1715380482.9866667, "_runtime": 589.4296445846558, "_step": 99, "_wandb": {"runtime": 587}}