{"err_s_label_train": 1.2241530418395996, "err_s_domain_train": 0.6908032894134521, "err_t_label_train": 0.3386296331882477, "err_t_domain_train": 0.6820801496505737, "total_loss": 88.64593505859375, "accu_s_test": 0.8441, "accu_t_test": 0.6413731807576936, "_timestamp": 1710128078.7324939, "_runtime": 802.9766647815704, "_step": 299, "_wandb": {"runtime": 801}}