{"err_s_label_train": 0.06590957939624786, "err_s_domain_train": 0.6782257556915283, "err_t_label_train": 0.00017975145601667464, "err_t_domain_train": 0.7010529041290283, "total_loss": 88.30687713623047, "accu_s_test": 0.6105, "accu_t_test": 0.3474058437951339, "_timestamp": 1712683780.1518128, "_runtime": 2262.8922007083893, "_step": 99, "_wandb": {"runtime": 2261}}