{"err_s_label_train": 1.6759138107299805, "err_s_domain_train": 0.6910586357116699, "err_t_label_train": 2.2566516399383545, "err_t_domain_train": 0.6970803141593933, "total_loss": 90.80718231201172, "accu_s_test": 0.3536, "accu_t_test": 0.14298411287634707, "_timestamp": 1712138051.7316713, "_runtime": 149.19988131523132, "_step": 1}