{"err_s_label_train": 0.00014178450510371476, "err_s_domain_train": 0.004482431802898645, "err_t_label_train": 0.0003789784968830645, "err_t_domain_train": 0.0047520664520561695, "total_loss": 0.5919589400291443, "accu_s_test": 0.9162, "accu_t_test": 0.7754693922897455, "_timestamp": 1715342085.168592, "_runtime": 590.4470980167389, "_step": 99, "_wandb": {"runtime": 588}}