{"err_s_label_train": 0.00037170550785958767, "err_s_domain_train": 0.7006796598434448, "err_t_label_train": 0.005430351477116346, "err_t_domain_train": 0.6916528940200806, "total_loss": 89.11237335205078, "accu_s_test": 0.6889, "accu_t_test": 0.26763692923008553, "_timestamp": 1713016787.598738, "_runtime": 4202.912075996399, "_step": 399, "_wandb": {"runtime": 4201}}