{"err_s_label_train": 0.030284449458122253, "err_s_domain_train": 0.004847508389502764, "err_t_label_train": 0.0190596841275692, "err_t_domain_train": 0.005275288596749306, "total_loss": 0.7669404745101929, "accu_s_test": 0.9046, "accu_t_test": 0.823130763248528, "_timestamp": 1715679216.372485, "_runtime": 541.3087809085846, "_step": 99, "_wandb": {"runtime": 539}}