{"err_s_label_train": 0.4429435431957245, "err_s_domain_train": 0.004762106575071812, "err_t_label_train": 0.0001971527235582471, "err_t_domain_train": 0.004614225123077631, "total_loss": 0.8217344880104065, "accu_s_test": 0.7977, "accu_t_test": 0.5984890567714698, "_timestamp": 1715432192.2864988, "_runtime": 586.7062468528748, "_step": 99, "_wandb": {"runtime": 585}}