{"err_s_label_train": 10.359156608581543, "err_s_domain_train": 87.99678039550781, "err_t_label_train": 0.00015209948469419032, "err_t_domain_train": 88.41961669921875, "accu_s_test": 0.9643, "accu_t_test": 0.9026774802799689, "_timestamp": 1709918754.7147455, "_runtime": 8089.706588506699, "_step": 99, "_wandb": {"runtime": 8087}}