{"err_s_label_train": 1.1054582595825195, "err_s_domain_train": 0.679774284362793, "err_t_label_train": 2.9110472202301025, "err_t_domain_train": 0.6833987832069397, "total_loss": 89.25132751464844, "accu_s_test": 0.8579, "accu_t_test": 0.6514831685368292, "_timestamp": 1710073655.2785761, "_runtime": 949.557822227478, "_step": 299, "_wandb": {"runtime": 947}}