{"err_s_label_train": 0.0011901139514520764, "err_s_domain_train": 0.0052063362672924995, "err_t_label_train": 0.0028886282816529274, "err_t_domain_train": 0.00522896833717823, "total_loss": 0.6743704676628113, "accu_s_test": 0.8999, "accu_t_test": 0.7823575158315743, "_timestamp": 1715423512.7527268, "_runtime": 590.180814743042, "_step": 99, "_wandb": {"runtime": 588}}