{"err_s_label_train": 0.006204556208103895, "err_s_domain_train": 0.00534048629924655, "err_t_label_train": 0.0036686130333691835, "err_t_domain_train": 0.004369592759758234, "total_loss": 0.6571779251098633, "accu_s_test": 0.9304, "accu_t_test": 0.7888012443061883, "_timestamp": 1715290633.5085213, "_runtime": 580.9002873897552, "_step": 99, "_wandb": {"runtime": 579}}