{"err_s_label_train": 0.00842338427901268, "err_s_domain_train": 0.00492648221552372, "err_t_label_train": 0.12885639071464539, "err_t_domain_train": 0.004625007975846529, "total_loss": 0.6620861887931824, "accu_s_test": 0.9231, "accu_t_test": 0.7736918120208865, "_timestamp": 1715178633.900857, "_runtime": 574.185154914856, "_step": 99, "_wandb": {"runtime": 572}}