{"err_s_label_train": 0.08133087307214737, "err_s_domain_train": 0.6923626661300659, "err_t_label_train": NaN, "err_t_domain_train": 0.693754255771637, "total_loss": 88.79281616210938, "accu_s_test": 0.7758, "accu_t_test": 0.7063659593378514, "_timestamp": 1712956468.127307, "_runtime": 664.0669889450073, "_step": 99, "_wandb": {"runtime": 662}}