{"err_s_label_train": 13.05860424041748, "err_s_domain_train": 183.4850311279297, "err_t_label_train": 0.030084313824772835, "err_t_domain_train": 172.87362670898438, "accu_s_test": 0.9578, "accu_t_test": 0.7049216753694034, "_timestamp": 1709327076.8109908, "_runtime": 822.6988227367401, "_step": 99, "_wandb": {"runtime": 821}}