{"err_s_label_train": 1.6532073020935059, "err_s_domain_train": 89.86663818359375, "err_t_label_train": 4.205332279205322, "err_t_domain_train": 86.61273956298828, "accu_s_test": 0.93, "accu_t_test": 0.7608043550716587, "_timestamp": 1709760275.808897, "_runtime": 1213.6374020576477, "_step": 99, "_wandb": {"runtime": 1211}}