{"err_s_label_train": 2.9861230850219727, "err_s_domain_train": 176.0115966796875, "err_t_label_train": 2.7506558895111084, "err_t_domain_train": 172.7949676513672, "accu_s_test": 0.652, "accu_t_test": 0.3104099544495056, "_timestamp": 1709325415.0126705, "_runtime": 824.2685215473175, "_step": 99, "_wandb": {"runtime": 822}}