{"err_s_label_train": 0.04721895605325699, "err_s_domain_train": 0.6966346502304077, "err_t_label_train": 0.10531635582447052, "err_t_domain_train": 0.7066484689712524, "total_loss": 89.88639068603516, "accu_s_test": 0.6006, "accu_t_test": 0.33040773247416955, "_timestamp": 1712160521.7652137, "_runtime": 476.33821868896484, "_step": 99, "_wandb": {"runtime": 474}}