{"err_s_label_train": 0.8815962672233582, "err_s_domain_train": 0.42773911356925964, "err_t_label_train": 2.071601390838623, "err_t_domain_train": 0.33575549721717834, "accu_s_test": 0.8855, "accu_t_test": 0.3717364737251416, "_timestamp": 1706821203.2678397, "_runtime": 95.66303968429565, "_step": 1, "_wandb": {"runtime": 94}}