{"err_s_label_train": 0.00021942488092463464, "err_s_domain_train": 0.005051652900874615, "err_t_label_train": 0.0069595021195709705, "err_t_domain_train": 0.005128922406584024, "total_loss": 0.6541288495063782, "accu_s_test": 0.9334, "accu_t_test": 0.8057993556271525, "_timestamp": 1715742277.969116, "_runtime": 538.4025459289551, "_step": 99, "_wandb": {"runtime": 536}}