{"err_s_label_train": 0.007620059885084629, "err_s_domain_train": 0.004960657563060522, "err_t_label_train": 0.017720108851790428, "err_t_domain_train": 0.0050256522372365, "total_loss": 0.7205253839492798, "accu_s_test": 0.9431, "accu_t_test": 0.8327963559604489, "_timestamp": 1715742828.6908324, "_runtime": 542.591034412384, "_step": 99, "_wandb": {"runtime": 541}}