{"err_s_label_train": 0.026436053216457367, "err_s_domain_train": 0.004902937915176153, "err_t_label_train": 0.018995508551597595, "err_t_domain_train": 0.005296331364661455, "total_loss": 0.827704131603241, "accu_s_test": 0.9328, "accu_t_test": 0.8466837018109099, "_timestamp": 1715731834.2404377, "_runtime": 543.3422088623047, "_step": 99, "_wandb": {"runtime": 541}}