{"err_s_label_train": 4.08976936340332, "err_s_domain_train": 86.87747192382812, "err_t_label_train": 2.655183792114258, "err_t_domain_train": 89.8370132446289, "accu_s_test": 0.9117, "accu_t_test": 0.7431396511498722, "_timestamp": 1709726327.6940024, "_runtime": 614.7103593349457, "_step": 99, "_wandb": {"runtime": 613}}