{"err_s_label_train": 6.421856880187988, "err_s_domain_train": 78.79806518554688, "err_t_label_train": 0.01589238829910755, "err_t_domain_train": 87.84173583984375, "accu_s_test": 0.9698, "accu_t_test": 0.8307965781579825, "_timestamp": 1709340460.2845564, "_runtime": 2176.215104341507, "_step": 99, "_wandb": {"runtime": 2174}}