{"err_s_label_train": 0.13795088231563568, "err_s_domain_train": 0.004591596778482199, "err_t_label_train": 1.1920928244535389e-07, "err_t_domain_train": 0.004766655154526234, "total_loss": 0.6679036617279053, "accu_s_test": 0.6144, "accu_t_test": 0.49727808021330966, "_timestamp": 1715397199.5109465, "_runtime": 591.0911486148834, "_step": 99, "_wandb": {"runtime": 589}}