{"err_s_label_train": 0.003285079263150692, "err_s_domain_train": 0.695464015007019, "err_t_label_train": 0.0012259118957445025, "err_t_domain_train": 0.6922299861907959, "total_loss": 88.81631469726562, "accu_s_test": 0.6876, "accu_t_test": 0.21464281746472613, "_timestamp": 1713453004.7270339, "_runtime": 4308.970644950867, "_step": 399, "_wandb": {"runtime": 4307}}