{"err_s_label_train": 5.918608665466309, "err_s_domain_train": 177.75914001464844, "err_t_label_train": 0.06039762124419212, "err_t_domain_train": 186.6042938232422, "accu_s_test": 0.9918, "accu_t_test": 0.9211198755693811, "_timestamp": 1707081545.0750785, "_runtime": 1328.63147854805, "_step": 49, "_wandb": {"runtime": 1327}}