{"err_s_label_train": 1.6484225988388062, "err_s_domain_train": 177.039306640625, "err_t_label_train": 0.012614107690751553, "err_t_domain_train": 176.4630584716797, "accu_s_test": 0.981, "accu_t_test": 0.9092323075213865, "_timestamp": 1707195351.274332, "_runtime": 5150.278418064117, "_step": 99, "_wandb": {"runtime": 5148}}