{"err_s_label_train": 0.14423587918281555, "err_s_domain_train": 0.005410109646618366, "err_t_label_train": NaN, "err_t_domain_train": 0.005307563580572605, "total_loss": NaN, "accu_s_test": 0.8331, "accu_t_test": 0.4937229196755916, "_timestamp": 1715388232.355636, "_runtime": 589.6268668174744, "_step": 99, "_wandb": {"runtime": 588}}