{"err_s_label_train": 0.47868919372558594, "err_s_domain_train": 0.6717652082443237, "err_t_label_train": 0.1297566145658493, "err_t_domain_train": 0.6906228065490723, "total_loss": 87.49705505371094, "accu_s_test": 0.4475, "accu_t_test": 0.25408287968003557, "_timestamp": 1712757760.039528, "_runtime": 355.62382793426514, "_step": 99, "_wandb": {"runtime": 353}}