{"err_s_label_train": 0.00101022410672158, "err_s_domain_train": 0.004669783636927605, "err_t_label_train": 0.008998790755867958, "err_t_domain_train": 0.004826483316719532, "total_loss": 0.628284215927124, "accu_s_test": 0.8764, "accu_t_test": 0.8067992445283857, "_timestamp": 1715352242.8519375, "_runtime": 590.6403865814209, "_step": 99, "_wandb": {"runtime": 588}}