{"err_s_label_train": 0.0, "err_s_domain_train": 88.54110717773438, "err_t_label_train": 0.0, "err_t_domain_train": 88.18172454833984, "accu_s_test": 0.6294, "accu_t_test": 0.2419731140984335, "_timestamp": 1710019493.6553102, "_runtime": 503.2204601764679, "_step": 99, "_wandb": {"runtime": 495}}