{"err_s_label_train": 0.0021708377171307802, "err_s_domain_train": 0.0050116609781980515, "err_t_label_train": 0.00040237742359749973, "err_t_domain_train": 0.005121445748955011, "total_loss": 0.6579985022544861, "accu_s_test": 0.9283, "accu_t_test": 0.7936895900455505, "_timestamp": 1715346861.090389, "_runtime": 591.138904094696, "_step": 99, "_wandb": {"runtime": 589}}