{"err_s_label_train": 0.16680234670639038, "err_s_domain_train": 88.39186096191406, "err_t_label_train": 0.15719656646251678, "err_t_domain_train": 86.7601089477539, "accu_s_test": 0.905, "accu_t_test": 0.775691589823353, "_timestamp": 1709792592.0588923, "_runtime": 3620.1989662647247, "_step": 99, "_wandb": {"runtime": 3618}}