{"err_s_label_train": 0.020117267966270447, "err_s_domain_train": 0.0043030702508986, "err_t_label_train": 0.004959661513566971, "err_t_domain_train": 0.004511367529630661, "total_loss": 0.5977717041969299, "accu_s_test": 0.8867, "accu_t_test": 0.6673702921897567, "_timestamp": 1715408569.9855406, "_runtime": 590.6719317436218, "_step": 99, "_wandb": {"runtime": 589}}