{"err_s_label_train": 0.002422562101855874, "err_s_domain_train": 0.004614167381078005, "err_t_label_train": NaN, "err_t_domain_train": 0.0052537815645337105, "total_loss": NaN, "accu_s_test": 0.8957, "accu_t_test": 0.7690256638151316, "_timestamp": 1715364190.7549012, "_runtime": 585.4060652256012, "_step": 99, "_wandb": {"runtime": 583}}