{"err_s_label_train": 0.001298634335398674, "err_s_domain_train": 0.005219567101448774, "err_t_label_train": 0.0004322552995290607, "err_t_domain_train": 0.004516234155744314, "total_loss": 0.6302335858345032, "accu_s_test": 0.928, "accu_t_test": 0.7866903677369181, "_timestamp": 1715477728.7970073, "_runtime": 592.9633944034576, "_step": 99, "_wandb": {"runtime": 591}}