{"err_s_label_train": 0.0023235902190208435, "err_s_domain_train": 0.004710380453616381, "err_t_label_train": 0.0004213160718791187, "err_t_domain_train": 0.0046929363161325455, "total_loss": 1.2110165357589722, "accu_s_test": 0.8925, "accu_t_test": 0.6694811687590267, "_timestamp": 1714694574.098492, "_runtime": 1271.7906279563904, "_step": 149, "_wandb": {"runtime": 1270}}