{"err_s_label_train": 0.0015304299304261804, "err_s_domain_train": 0.004922149237245321, "err_t_label_train": NaN, "err_t_domain_train": 0.0050939517095685005, "total_loss": NaN, "accu_s_test": 0.8697, "accu_t_test": 0.7636929230085546, "_timestamp": 1715400790.485052, "_runtime": 590.5251331329346, "_step": 99, "_wandb": {"runtime": 589}}