{"err_s_label_train": 1.1444026313256472e-05, "err_s_domain_train": 0.004937055986374617, "err_t_label_train": NaN, "err_t_domain_train": 0.005513558629900217, "total_loss": NaN, "accu_s_test": 0.8604, "accu_t_test": 0.6288190201088768, "_timestamp": 1714535618.3373353, "_runtime": 9019.130154371262, "_step": 349, "_wandb": {"runtime": 9017}}