{"err_s_label_train": 0.043335434049367905, "err_s_domain_train": 0.003969709854573011, "err_t_label_train": 0.00044079916551709175, "err_t_domain_train": 0.004852614365518093, "total_loss": 0.6734080910682678, "accu_s_test": 0.8838, "accu_t_test": 0.7851349850016665, "_timestamp": 1715171070.9551187, "_runtime": 571.8465275764465, "_step": 99, "_wandb": {"runtime": 570}}