{"err_s_label_train": 0.1686682254076004, "err_s_domain_train": 0.5366591215133667, "err_t_label_train": 0.10315152257680893, "err_t_domain_train": 0.5412108898162842, "accu_s_test": 0.969, "accu_t_test": 0.9237862459726697, "_timestamp": 1706848580.2829316, "_runtime": 2093.4239494800568, "_step": 99, "_wandb": {"runtime": 2091}}