{"_wandb": {"runtime": 88}, "err_s_label_train": 5.538114547729492, "err_s_domain_train": 166.8132781982422, "err_t_label_train": 3.252153158187866, "err_t_domain_train": 162.4635772705078, "accu_s_test": 0.598, "accu_t_test": 0.1388734585046106, "_timestamp": 1709320107.416317, "_runtime": 88.70443487167358, "_step": 0}