{"err_s_label_train": 0.000501579197589308, "err_s_domain_train": 0.004909212235361338, "err_t_label_train": 0.00042435084469616413, "err_t_domain_train": 0.005008267238736153, "total_loss": 0.6400662660598755, "accu_s_test": 0.9432, "accu_t_test": 0.836684812798578, "_timestamp": 1715727433.6753254, "_runtime": 543.1337103843689, "_step": 99, "_wandb": {"runtime": 541}}