{"err_s_label_train": 0.00014561551506631076, "err_s_domain_train": 0.005369867198169231, "err_t_label_train": 0.0001706072798697278, "err_t_domain_train": 0.005225041881203651, "total_loss": 0.6791402101516724, "accu_s_test": 0.8993, "accu_t_test": 0.8414620597711365, "_timestamp": 1715785285.144577, "_runtime": 543.1522121429443, "_step": 99, "_wandb": {"runtime": 541}}