{"err_s_label_train": 0.0003449321957305074, "err_s_domain_train": 0.701262354850769, "err_t_label_train": 0.04047491028904915, "err_t_domain_train": 0.7202955484390259, "total_loss": 91.00011444091797, "accu_s_test": 0.5708, "accu_t_test": 0.2825241639817798, "_timestamp": 1712343034.0440948, "_runtime": 1559.3625938892365, "_step": 99, "_wandb": {"runtime": 1557}}