{"err_s_label_train": 6.546557903289795, "err_s_domain_train": 174.14781188964844, "err_t_label_train": 2.5379979610443115, "err_t_domain_train": 188.70095825195312, "accu_s_test": 0.9864, "accu_t_test": 0.8616820353294078, "_timestamp": 1707160061.936566, "_runtime": 986.9370410442352, "_step": 24}