{"err_s_label_train": 12.613882064819336, "err_s_domain_train": 176.93153381347656, "err_t_label_train": 0.000573351513594389, "err_t_domain_train": 183.0816650390625, "accu_s_test": 0.9776, "accu_t_test": 0.9000111098766803, "_timestamp": 1707160530.0399475, "_runtime": 1455.0404224395752, "_step": 36}