{"err_s_label_train": 0.009351599030196667, "err_s_domain_train": 0.0051002511754632, "err_t_label_train": NaN, "err_t_domain_train": 0.005114380735903978, "total_loss": NaN, "accu_s_test": 0.904, "accu_t_test": 0.7341406510387735, "_timestamp": 1715187374.7402763, "_runtime": 575.3989174365997, "_step": 99, "_wandb": {"runtime": 573}}