{"err_s_label_train": 0.07441629469394684, "err_s_domain_train": 0.6978296637535095, "err_t_label_train": 0.00048565989709459245, "err_t_domain_train": 0.6920185089111328, "total_loss": 89.099365234375, "accu_s_test": 0.8244, "accu_t_test": 0.7138095767136985, "_timestamp": 1713357915.3188014, "_runtime": 2641.627819299698, "_step": 299, "_wandb": {"runtime": 2640}}