{"err_s_label_train": 3.792525291442871, "err_s_domain_train": 0.6834568977355957, "err_t_label_train": 1.6020007133483887, "err_t_domain_train": 0.6978874206542969, "total_loss": 91.10330200195312, "accu_s_test": 0.61, "accu_t_test": 0.38395733807354737, "_timestamp": 1710662476.9510825, "_runtime": 2617.686644554138, "_step": 299, "_wandb": {"runtime": 2616}}