{"err_s_label_train": 0.2603563964366913, "err_s_domain_train": 0.004707973916083574, "err_t_label_train": 1.1920928244535389e-07, "err_t_domain_train": 0.004966309294104576, "total_loss": 0.7493324279785156, "accu_s_test": 0.6534, "accu_t_test": 0.5187201422064215, "_timestamp": 1715385250.575598, "_runtime": 589.6868810653687, "_step": 99, "_wandb": {"runtime": 588}}