{"err_s_label_train": 9.116179717238992e-05, "err_s_domain_train": 0.0054558212868869305, "err_t_label_train": NaN, "err_t_domain_train": 0.0049279313534498215, "total_loss": NaN, "accu_s_test": 0.871, "accu_t_test": 0.6610376624819464, "_timestamp": 1714151132.630574, "_runtime": 1919.7646958827972, "_step": 249, "_wandb": {"runtime": 1917}}