{"err_s_label": 0.1203112006187439, "err_s_domain": 0.6222400665283203, "err_t_domain": 0.6533263921737671, "accu_s": 0.9874, "accu_t": 0.8767914676147095, "_timestamp": 1699105537.9196336, "_runtime": 2635.516917705536, "_step": 99, "_wandb": {"runtime": 2634}}