{"err_s_label_train": 0.000237122512771748, "err_s_domain_train": 0.0048063695430755615, "err_t_label_train": 0.0007834779098629951, "err_t_domain_train": 0.005168103147298098, "total_loss": 0.6396492719650269, "accu_s_test": 0.9107, "accu_t_test": 0.818131318742362, "_timestamp": 1715350447.9847891, "_runtime": 589.5122151374817, "_step": 99, "_wandb": {"runtime": 587}}