{"err_s_label_train": 14.925811767578125, "err_s_domain_train": 205.6696014404297, "err_t_label_train": 3.7929067611694336, "err_t_domain_train": 207.12002563476562, "accu_s_test": 0.9564, "accu_t_test": 0.466837018109099, "_timestamp": 1707501535.4458697, "_runtime": 14381.106570720673, "_step": 161}