{"err_s_label_train": 0.0050095380283892155, "err_s_domain_train": 0.005732526537030935, "err_t_label_train": 0.00900261290371418, "err_t_domain_train": 0.0046899160370230675, "total_loss": 0.6930640339851379, "accu_s_test": 0.9044, "accu_t_test": 0.8176869236751472, "_timestamp": 1715173974.536806, "_runtime": 573.1129231452942, "_step": 99, "_wandb": {"runtime": 571}}