{"err_s_label_train": 1.8704258764046244e-05, "err_s_domain_train": 0.004889985546469688, "err_t_label_train": NaN, "err_t_domain_train": 0.005564555060118437, "total_loss": NaN, "accu_s_test": 0.8819, "accu_t_test": 0.7034773914009554, "_timestamp": 1715164113.0811248, "_runtime": 569.7002248764038, "_step": 99, "_wandb": {"runtime": 569}}