{"err_s_label_train": 0.9005258083343506, "err_s_domain_train": 0.6970161199569702, "err_t_label_train": NaN, "err_t_domain_train": 0.6707737445831299, "total_loss": 88.88934326171875, "accu_s_test": 0.6728, "accu_t_test": 0.43361848683479615, "_timestamp": 1712991636.6493454, "_runtime": 467.16531229019165, "_step": 99, "_wandb": {"runtime": 465}}