{"err_s_label_train": 0.4228263199329376, "err_s_domain_train": 0.7025585174560547, "err_t_label_train": 2.2106995582580566, "err_t_domain_train": 0.699104368686676, "total_loss": 91.02318572998047, "accu_s_test": 0.6377, "accu_t_test": 0.3326297078102433, "_timestamp": 1710463704.0236235, "_runtime": 3605.490755558014, "_step": 299, "_wandb": {"runtime": 3603}}