{"err_s_label_train": 5.471130847930908, "err_s_domain_train": 166.65892028808594, "err_t_label_train": 0.005628807470202446, "err_t_domain_train": 147.2608184814453, "accu_s_test": 0.9861, "accu_t_test": 0.8001333185201644, "_timestamp": 1707073297.1660404, "_runtime": 2895.0645723342896, "_step": 49, "_wandb": {"runtime": 2893}}