{"err_s_label_train": 6.103329360485077e-05, "err_s_domain_train": 0.6957958340644836, "err_t_label_train": 0.008289573714137077, "err_t_domain_train": 0.6942858695983887, "total_loss": 88.96939849853516, "accu_s_test": 0.6517, "accu_t_test": 0.3989556715920453, "_timestamp": 1712688505.238709, "_runtime": 2442.9048368930817, "_step": 99, "_wandb": {"runtime": 2441}}