{"err_s_label_train": 0.6444233059883118, "err_s_domain_train": 0.7011492252349854, "err_t_label_train": 4.275774002075195, "err_t_domain_train": 0.6912645697593689, "total_loss": 91.5745849609375, "accu_s_test": 0.7363, "accu_t_test": 0.41917564715031663, "_timestamp": 1710599530.352115, "_runtime": 1389.7126069068909, "_step": 299, "_wandb": {"runtime": 1388}}