{"err_s_label_train": 0.0561583936214447, "err_s_domain_train": 0.004924984183162451, "err_t_label_train": 5.960462772236497e-07, "err_t_domain_train": 0.004970180802047253, "total_loss": 0.8298450708389282, "accu_s_test": 0.9003, "accu_t_test": 0.7416953671814243, "_timestamp": 1715430405.9064527, "_runtime": 586.0749287605286, "_step": 99, "_wandb": {"runtime": 584}}