{"err_s_label_train": 2.1799659729003906, "err_s_domain_train": 43.079891204833984, "err_t_label_train": 0.4578911066055298, "err_t_domain_train": 44.13048553466797, "accu_s_test": 0.8523, "accu_t_test": 0.7359182313076325, "_timestamp": 1709568061.0857465, "_runtime": 1616.4216294288635, "_step": 99, "_wandb": {"runtime": 1614}}