{"err_s_label_train": 0.005150027573108673, "err_s_domain_train": 0.6939196586608887, "err_t_label_train": NaN, "err_t_domain_train": 0.6914002299308777, "total_loss": 159.58937072753906, "accu_s_test": 0.7577, "accu_t_test": 0.3319631152094212, "_timestamp": 1713951490.737862, "_runtime": 1986.4752352237701, "_step": 199, "_wandb": {"runtime": 1984}}