{"err_s_label_train": 0.0036850832402706146, "err_s_domain_train": 0.004842442460358143, "err_t_label_train": 0.06537260115146637, "err_t_domain_train": 0.005269837565720081, "total_loss": 1.8506689071655273, "accu_s_test": 0.8202, "accu_t_test": 0.28507943561826465, "_timestamp": 1714599943.2354863, "_runtime": 1679.3677332401276, "_step": 349, "_wandb": {"runtime": 1677}}