{"err_s_label_train": 0.006015791557729244, "err_s_domain_train": 0.004473864566534758, "err_t_label_train": 0.00015043080202303827, "err_t_domain_train": 0.004709795117378235, "total_loss": 0.6028689742088318, "accu_s_test": 0.8631, "accu_t_test": 0.654038440173314, "_timestamp": 1715393015.63245, "_runtime": 590.0638301372528, "_step": 99, "_wandb": {"runtime": 588}}