{"err_s_label_train": 1.5007550716400146, "err_s_domain_train": 88.42105102539062, "err_t_label_train": 0.0, "err_t_domain_train": 88.57838439941406, "accu_s_test": 0.7116, "accu_t_test": 0.36818131318742364, "_timestamp": 1710016360.0689092, "_runtime": 309.10341811180115, "_step": 99, "_wandb": {"runtime": 307}}