{"err_s_label_train": 0.014578345231711864, "err_s_domain_train": 0.004766276106238365, "err_t_label_train": 0.0001195416334667243, "err_t_domain_train": 0.004802216775715351, "total_loss": 0.6816426515579224, "accu_s_test": 0.9193, "accu_t_test": 0.7302521942006444, "_timestamp": 1715297730.1198425, "_runtime": 584.6625266075134, "_step": 99, "_wandb": {"runtime": 582}}