{"err_s_label_train": 0.00014749387628398836, "err_s_domain_train": 0.004884058143943548, "err_t_label_train": 3.355516673764214e-05, "err_t_domain_train": 0.004288984462618828, "total_loss": 0.5877143740653992, "accu_s_test": 0.8979, "accu_t_test": 0.8064659482279747, "_timestamp": 1715496378.155892, "_runtime": 594.5209419727325, "_step": 99, "_wandb": {"runtime": 592}}