{"err_s_label_train": 1.729819416999817, "err_s_domain_train": 0.69561767578125, "err_t_label_train": 1.552626371383667, "err_t_domain_train": 0.69502192735672, "total_loss": 90.64215087890625, "accu_s_test": 0.4161, "accu_t_test": 0.2769692256415954, "_timestamp": 1712748059.8371449, "_runtime": 353.9265067577362, "_step": 99, "_wandb": {"runtime": 352}}