{"err_s_label_train": 0.11996587365865707, "err_s_domain_train": 0.00474951695650816, "err_t_label_train": NaN, "err_t_domain_train": 0.004568873904645443, "total_loss": NaN, "accu_s_test": 0.7778, "accu_t_test": 0.36095989334518386, "_timestamp": 1715178051.8949256, "_runtime": 574.8682236671448, "_step": 99, "_wandb": {"runtime": 573}}