{"err_s_label_train": 0.00014455874043051153, "err_s_domain_train": 0.0044379327446222305, "err_t_label_train": NaN, "err_t_domain_train": 0.004831209313124418, "total_loss": NaN, "accu_s_test": 0.8752, "accu_t_test": 0.6801466503721809, "_timestamp": 1715362411.8259642, "_runtime": 582.9285092353821, "_step": 99, "_wandb": {"runtime": 581}}