{"err_s_label_train": 0.967991054058075, "err_s_domain_train": 178.15005493164062, "err_t_label_train": 0.012361342087388039, "err_t_domain_train": 175.57830810546875, "accu_s_test": 0.9464, "accu_t_test": 0.8664592823019664, "_timestamp": 1709491081.1235666, "_runtime": 3379.974747657776, "_step": 74, "_wandb": {"runtime": 3378}}