{"err_s_label_train": 0.068247951567173, "err_s_domain_train": 0.005703004542738199, "err_t_label_train": NaN, "err_t_domain_train": 0.004710114561021328, "total_loss": NaN, "accu_s_test": 0.8303, "accu_t_test": 0.5198311298744583, "_timestamp": 1715363004.1704154, "_runtime": 585.8898193836212, "_step": 99, "_wandb": {"runtime": 584}}