{"err_s_label_train": 0.2559003233909607, "err_s_domain_train": 0.7002928256988525, "err_t_label_train": NaN, "err_t_domain_train": 0.6860935091972351, "total_loss": 89.11257934570312, "accu_s_test": 0.7201, "accu_t_test": 0.46794800577713586, "_timestamp": 1713336880.9210355, "_runtime": 482.26862955093384, "_step": 99, "_wandb": {"runtime": 480}}