{"err_s_label_train": 0.0014117194805294275, "err_s_domain_train": 0.004761228803545237, "err_t_label_train": 0.044185131788253784, "err_t_domain_train": 0.004191983491182327, "total_loss": 0.6930112242698669, "accu_s_test": 0.9042, "accu_t_test": 0.7896900344406177, "_timestamp": 1715339689.2826495, "_runtime": 588.8127295970917, "_step": 99, "_wandb": {"runtime": 587}}