{"err_s_label_train": 0.495247483253479, "err_s_domain_train": 0.6905981302261353, "err_t_label_train": 2.469205141067505, "err_t_domain_train": 0.6878092885017395, "total_loss": 89.70030212402344, "accu_s_test": 0.6515, "accu_t_test": 0.3646261526497056, "_timestamp": 1712759226.2773013, "_runtime": 362.2984793186188, "_step": 99, "_wandb": {"runtime": 360}}