{"err_s_label_train": 0.13707485795021057, "err_s_domain_train": 0.6951796412467957, "err_t_label_train": 4.31528314948082e-05, "err_t_domain_train": 0.6792587041854858, "total_loss": 88.03260803222656, "accu_s_test": 0.808, "accu_t_test": 0.3645150538829019, "_timestamp": 1712367556.2593, "_runtime": 2000.0573101043701, "_step": 99, "_wandb": {"runtime": 1998}}