{"err_s_label_train": 0.07858171314001083, "err_s_domain_train": 0.005871379282325506, "err_t_label_train": 0.0003574621514417231, "err_t_domain_train": 0.004496408626437187, "total_loss": 0.70411616563797, "accu_s_test": 0.887, "accu_t_test": 0.7971336518164648, "_timestamp": 1715483142.1355498, "_runtime": 593.2463526725769, "_step": 99, "_wandb": {"runtime": 591}}