{"err_s_label_train": 1.2920750379562378, "err_s_domain_train": 0.6997760534286499, "err_t_label_train": 3.82776141166687, "err_t_domain_train": 0.6738368272781372, "total_loss": 90.47114562988281, "accu_s_test": 0.6467, "accu_t_test": 0.4041773136318187, "_timestamp": 1710625328.6437297, "_runtime": 5005.457580804825, "_step": 299, "_wandb": {"runtime": 5003}}