{"err_s_label_train": 1.9160012006759644, "err_s_domain_train": 0.7011226415634155, "err_t_label_train": 0.001601009746082127, "err_t_domain_train": 0.6979551315307617, "total_loss": 90.4997787475586, "accu_s_test": 0.5013, "accu_t_test": 0.3242973002999667, "_timestamp": 1712849097.305445, "_runtime": 1358.8232679367065, "_step": 99, "_wandb": {"runtime": 1357}}