{"err_s_label_train": 0.055695969611406326, "err_s_domain_train": 0.005021935794502497, "err_t_label_train": 0.022026309743523598, "err_t_domain_train": 0.00469230255112052, "total_loss": 0.7028005123138428, "accu_s_test": 0.8592, "accu_t_test": 0.6612598600155538, "_timestamp": 1715633462.0901675, "_runtime": 533.7910804748535, "_step": 99, "_wandb": {"runtime": 532}}