{"err_s_label_train": 2.5549933910369873, "err_s_domain_train": 0.6931499242782593, "err_t_label_train": 0.06671137362718582, "err_t_domain_train": 0.6975219249725342, "total_loss": 90.31385040283203, "accu_s_test": 0.69, "accu_t_test": 0.40728807910232195, "_timestamp": 1712681509.380902, "_runtime": 2264.7659289836884, "_step": 99, "_wandb": {"runtime": 2263}}