{"err_s_label_train": 0.0004262104048393667, "err_s_domain_train": 0.6880816221237183, "err_t_label_train": NaN, "err_t_domain_train": 0.699297308921814, "total_loss": 88.79310607910156, "accu_s_test": 0.7643, "accu_t_test": 0.5518275747139206, "_timestamp": 1713222998.7991693, "_runtime": 5299.859804391861, "_step": 449, "_wandb": {"runtime": 5297}}