{"err_s_label_train": 0.0015221459325402975, "err_s_domain_train": 0.004969884641468525, "err_t_label_train": 0.0002354620082769543, "err_t_domain_train": 0.0051351855508983135, "total_loss": 0.6508830189704895, "accu_s_test": 0.8927, "accu_t_test": 0.7658037995778247, "_timestamp": 1715475924.6078162, "_runtime": 593.7131493091583, "_step": 99, "_wandb": {"runtime": 592}}