{"err_s_label_train": 0.014360550791025162, "err_s_domain_train": 0.004790119826793671, "err_t_label_train": 0.0010855264263227582, "err_t_domain_train": 0.005411296617239714, "total_loss": 0.7135306596755981, "accu_s_test": 0.9053, "accu_t_test": 0.6978113542939673, "_timestamp": 1715392416.561614, "_runtime": 589.3609759807587, "_step": 99, "_wandb": {"runtime": 587}}