{"err_s_label_train": 0.001698264037258923, "err_s_domain_train": 0.005243528168648481, "err_t_label_train": 0.012795254588127136, "err_t_domain_train": 0.0053742555901408195, "total_loss": 0.6976304650306702, "accu_s_test": 0.9316, "accu_t_test": 0.8059104543939563, "_timestamp": 1715736234.104529, "_runtime": 541.4521048069, "_step": 99, "_wandb": {"runtime": 539}}