{"err_s_label_train": 0.0001437728205928579, "err_s_domain_train": 0.005045859143137932, "err_t_label_train": 0.0005972726503387094, "err_t_domain_train": 0.005151234567165375, "total_loss": 0.6544942259788513, "accu_s_test": 0.9319, "accu_t_test": 0.8261304299522275, "_timestamp": 1715783070.098428, "_runtime": 542.6832370758057, "_step": 99, "_wandb": {"runtime": 541}}