{"err_s_label_train": 0.00045875567593611777, "err_s_domain_train": 0.005020058713853359, "err_t_label_train": 0.0004325627814978361, "err_t_domain_train": 0.005510849412530661, "total_loss": 0.677410900592804, "accu_s_test": 0.9072, "accu_t_test": 0.7714698366848128, "_timestamp": 1715643776.8008778, "_runtime": 534.7423198223114, "_step": 99, "_wandb": {"runtime": 533}}