{"err_s_label_train": 0.05739751085639, "err_s_domain_train": 0.004999273922294378, "err_t_label_train": 0.008494134992361069, "err_t_domain_train": 0.004949221853166819, "total_loss": 0.7346917986869812, "accu_s_test": 0.9211, "accu_t_test": 0.7245861570936563, "_timestamp": 1715443537.7937539, "_runtime": 588.1454358100891, "_step": 99, "_wandb": {"runtime": 586}}