{"err_s_label_train": 0.005425665061920881, "err_s_domain_train": 0.005066250450909138, "err_t_label_train": 0.001382635673508048, "err_t_domain_train": 0.004639273975044489, "total_loss": 0.6312277317047119, "accu_s_test": 0.9075, "accu_t_test": 0.78102433062993, "_timestamp": 1715197889.7539196, "_runtime": 576.7538657188416, "_step": 99, "_wandb": {"runtime": 575}}