{"err_s_label_train": 0.9393202662467957, "err_s_domain_train": 0.686806321144104, "err_t_label_train": 0.38881364464759827, "err_t_domain_train": 0.6569656133651733, "total_loss": 88.54411315917969, "accu_s_test": 0.839, "accu_t_test": 0.47661370958782356, "_timestamp": 1713417797.966187, "_runtime": 492.28110694885254, "_step": 99, "_wandb": {"runtime": 490}}