{"err_s_label_train": 2.51600980758667, "err_s_domain_train": 85.55260467529297, "err_t_label_train": 2.5536298751831055, "err_t_domain_train": 98.45761108398438, "accu_s_test": 0.5377, "accu_t_test": 0.26163759582268636, "_timestamp": 1709333916.9066672, "_runtime": 2172.896748304367, "_step": 99, "_wandb": {"runtime": 2172}}