{"err_s_label_train": 0.001560327596962452, "err_s_domain_train": 0.004626032896339893, "err_t_label_train": 0.02879515290260315, "err_t_domain_train": 0.005091086030006409, "total_loss": 0.6321866512298584, "accu_s_test": 0.9085, "accu_t_test": 0.7970225530496612, "_timestamp": 1715304845.8996973, "_runtime": 584.2439904212952, "_step": 99, "_wandb": {"runtime": 582}}