{"err_s_label_train": 0.030019588768482208, "err_s_domain_train": 0.005186636000871658, "err_t_label_train": 9.05905180843547e-05, "err_t_domain_train": 0.004838915541768074, "total_loss": 0.6508133411407471, "accu_s_test": 0.7816, "accu_t_test": 0.6670369958893456, "_timestamp": 1715293587.0555766, "_runtime": 583.3460586071014, "_step": 99, "_wandb": {"runtime": 581}}