{"err_s_label_train": 2.5019311904907227, "err_s_domain_train": 0.6891723275184631, "err_t_label_train": 2.0103514194488525, "err_t_domain_train": 0.6933310031890869, "total_loss": 90.7363510131836, "accu_s_test": 0.846, "accu_t_test": 0.5456060437729141, "_timestamp": 1710191875.9921846, "_runtime": 805.2889287471771, "_step": 299, "_wandb": {"runtime": 803}}