{"err_s_label_train": 0.0897856056690216, "err_s_domain_train": 0.004861803725361824, "err_t_label_train": 0.060131169855594635, "err_t_domain_train": 0.004963280633091927, "total_loss": 0.9610943794250488, "accu_s_test": 0.9122, "accu_t_test": 0.7650261082101989, "_timestamp": 1715395406.3366773, "_runtime": 589.8009803295135, "_step": 99, "_wandb": {"runtime": 588}}