{"err_s_label_train": 2.5911734104156494, "err_s_domain_train": 79.89566802978516, "err_t_label_train": 1.6876626014709473, "err_t_domain_train": 97.3578109741211, "accu_s_test": 0.5606, "accu_t_test": 0.31085434951672036, "_timestamp": 1709362494.4863024, "_runtime": 1292.146752357483, "_step": 99, "_wandb": {"runtime": 1290}}