{"err_s_label_train": 3.6474668979644775, "err_s_domain_train": 39.081329345703125, "err_t_label_train": 0.32734325528144836, "err_t_domain_train": 44.73407745361328, "accu_s_test": 0.8737, "accu_t_test": 0.6225974891678703, "_timestamp": 1709544621.3336425, "_runtime": 3161.8278665542603, "_step": 99, "_wandb": {"runtime": 3160}}