{"err_s_label_train": 28.570903778076172, "err_s_domain_train": 162.45123291015625, "err_t_label_train": 0.12916119396686554, "err_t_domain_train": 168.79733276367188, "accu_s_test": 0.9766, "accu_t_test": 0.7854682813020776, "_timestamp": 1709324582.6770058, "_runtime": 1014.8919177055359, "_step": 99, "_wandb": {"runtime": 1013}}