{"err_s_label_train": 0.3418498635292053, "err_s_domain_train": 0.005288641434162855, "err_t_label_train": 0.00011727608944056556, "err_t_domain_train": 0.004950709640979767, "total_loss": 0.8267711400985718, "accu_s_test": 0.8068, "accu_t_test": 0.7791356515942673, "_timestamp": 1715413952.3027928, "_runtime": 586.9351856708527, "_step": 99, "_wandb": {"runtime": 585}}