{"err_s_label_train": 0.20085445046424866, "err_s_domain_train": 0.004632915370166302, "err_t_label_train": 0.00025817399728111923, "err_t_domain_train": 0.005372336134314537, "total_loss": 0.7610810995101929, "accu_s_test": 0.7882, "accu_t_test": 0.5629374513942895, "_timestamp": 1715406172.4609845, "_runtime": 588.8457183837891, "_step": 99, "_wandb": {"runtime": 587}}