{"err_s_label_train": 0.008610422722995281, "err_s_domain_train": 0.0048009417951107025, "err_t_label_train": NaN, "err_t_domain_train": 0.005174871068447828, "total_loss": NaN, "accu_s_test": 0.8754, "accu_t_test": 0.7348072436395956, "_timestamp": 1715288864.6382232, "_runtime": 580.8023262023926, "_step": 99, "_wandb": {"runtime": 580}}