{"err_s_label_train": 0.18763254582881927, "err_s_domain_train": 0.6986644864082336, "err_t_label_train": 1.1920928244535389e-07, "err_t_domain_train": 0.7097107768058777, "total_loss": 90.2298355102539, "accu_s_test": 0.7136, "accu_t_test": 0.3952894122875236, "_timestamp": 1712252904.8118339, "_runtime": 1360.8435368537903, "_step": 99, "_wandb": {"runtime": 1359}}