{"err_s_label_train": 0.13043485581874847, "err_s_domain_train": 0.005059247836470604, "err_t_label_train": 2.3274653358384967e-05, "err_t_domain_train": 0.004988437052816153, "total_loss": 0.8387367725372314, "accu_s_test": 0.8846, "accu_t_test": 0.6992556382624153, "_timestamp": 1715396599.8387394, "_runtime": 588.0664834976196, "_step": 99, "_wandb": {"runtime": 586}}