{"err_s_label_train": 0.013217750005424023, "err_s_domain_train": 0.005025234539061785, "err_t_label_train": 0.0005453569465316832, "err_t_domain_train": 0.004619230050593615, "total_loss": 0.6904887557029724, "accu_s_test": 0.9306, "accu_t_test": 0.7916898122430841, "_timestamp": 1715746124.9973998, "_runtime": 544.0273697376251, "_step": 99, "_wandb": {"runtime": 542}}