{"err_s_label_train": 0.8269060254096985, "err_s_domain_train": 0.39915308356285095, "err_t_label_train": 0.7679698467254639, "err_t_domain_train": 0.47848954796791077, "accu_s_test": 0.9023, "accu_t_test": 0.42084212865237197, "_timestamp": 1706821095.710263, "_runtime": 96.67956399917603, "_step": 1, "_wandb": {"runtime": 95}}