{"err_s_label_train": 0.007884904742240906, "err_s_domain_train": 0.004823300056159496, "err_t_label_train": 0.6110982894897461, "err_t_domain_train": 0.005732628516852856, "total_loss": 0.7792677283287048, "accu_s_test": 0.92, "accu_t_test": 0.7586934785023887, "_timestamp": 1715167010.2503452, "_runtime": 570.2462232112885, "_step": 99, "_wandb": {"runtime": 568}}