{"err_s_label_train": 1.178436279296875, "err_s_domain_train": 44.23946762084961, "err_t_label_train": 4.815672397613525, "err_t_domain_train": 42.42938995361328, "accu_s_test": 0.8888, "accu_t_test": 0.7475836018220198, "_timestamp": 1709576370.7671432, "_runtime": 1136.0992832183838, "_step": 99, "_wandb": {"runtime": 1134}}