{"err_s_label_train": 7.010214176261798e-05, "err_s_domain_train": 0.0047804382629692554, "err_t_label_train": 8.970331691671163e-05, "err_t_domain_train": 0.005002657417207956, "total_loss": 0.6267386078834534, "accu_s_test": 0.9344, "accu_t_test": 0.816687034773914, "_timestamp": 1715698919.7254484, "_runtime": 539.7771294116974, "_step": 99, "_wandb": {"runtime": 538}}