{"err_s_label_train": 0.16363215446472168, "err_s_domain_train": 89.34130096435547, "err_t_label_train": 0.0, "err_t_domain_train": 87.45611572265625, "accu_s_test": 0.7742, "accu_t_test": 0.5180535496055994, "_timestamp": 1710015421.5590575, "_runtime": 292.5097625255585, "_step": 99, "_wandb": {"runtime": 290}}