{"err_s_label_train": 3.509092493914068e-05, "err_s_domain_train": 0.0050953831523656845, "err_t_label_train": 0.004027708433568478, "err_t_domain_train": 0.004795808345079422, "total_loss": 0.6351378560066223, "accu_s_test": 0.9043, "accu_t_test": 0.7283635151649817, "_timestamp": 1715368360.9506397, "_runtime": 588.827478647232, "_step": 99, "_wandb": {"runtime": 586}}