{"err_s_label_train": 0.05798489972949028, "err_s_domain_train": 0.005507817491889, "err_t_label_train": NaN, "err_t_domain_train": 0.005449259653687477, "total_loss": NaN, "accu_s_test": 0.7498, "accu_t_test": 0.5257193645150539, "_timestamp": 1715376309.300468, "_runtime": 584.9494369029999, "_step": 99, "_wandb": {"runtime": 583}}