{"err_s_label_train": 0.0036104037426412106, "err_s_domain_train": 0.6634665727615356, "err_t_label_train": 0.004347516223788261, "err_t_domain_train": 0.6813743114471436, "total_loss": 86.07379913330078, "accu_s_test": 0.558, "accu_t_test": 0.31318742361959784, "_timestamp": 1712192248.8390813, "_runtime": 2557.9168581962585, "_step": 99, "_wandb": {"runtime": 2556}}