{"err_s_label_train": 0.08328982442617416, "err_s_domain_train": 0.005193247459828854, "err_t_label_train": 0.2697794437408447, "err_t_domain_train": 0.004218429327011108, "total_loss": 1.004129409790039, "accu_s_test": 0.91, "accu_t_test": 0.6833685146094879, "_timestamp": 1715370146.4847083, "_runtime": 588.3936443328857, "_step": 99, "_wandb": {"runtime": 586}}