{"err_s_label_train": 0.012935600243508816, "err_s_domain_train": 0.004985643085092306, "err_t_label_train": 0.0005329834530130029, "err_t_domain_train": 0.0049721961840987206, "total_loss": 0.6581974625587463, "accu_s_test": 0.9111, "accu_t_test": 0.8079102321964227, "_timestamp": 1715352841.7029119, "_runtime": 590.8586089611053, "_step": 99, "_wandb": {"runtime": 589}}