{"err_s_label_train": 0.048590730875730515, "err_s_domain_train": 0.005206541158258915, "err_t_label_train": 7.403999916277826e-05, "err_t_domain_train": 0.005628455895930529, "total_loss": 0.8539965748786926, "accu_s_test": 0.9162, "accu_t_test": 0.7970225530496612, "_timestamp": 1715662831.965961, "_runtime": 540.8917188644409, "_step": 99, "_wandb": {"runtime": 539}}