{"err_s_label_train": 3.243710671085864e-05, "err_s_domain_train": 0.004484043922275305, "err_t_label_train": 0.006833537947386503, "err_t_domain_train": 0.0051355850882828236, "total_loss": 0.6226195693016052, "accu_s_test": 0.9234, "accu_t_test": 0.8123541828685702, "_timestamp": 1715638345.2391362, "_runtime": 533.6174092292786, "_step": 99, "_wandb": {"runtime": 532}}