{"err_s_label_train": 1.0317740440368652, "err_s_domain_train": 88.2177963256836, "err_t_label_train": 0.09855122864246368, "err_t_domain_train": 85.12052154541016, "accu_s_test": 0.9362, "accu_t_test": 0.7202533051883124, "_timestamp": 1709756140.0040543, "_runtime": 835.3757133483887, "_step": 99, "_wandb": {"runtime": 833}}