{"err_s_label_train": 0.13594244420528412, "err_s_domain_train": 176.66302490234375, "err_t_label_train": 2.34696364402771, "err_t_domain_train": 176.5751495361328, "accu_s_test": 0.9677, "accu_t_test": 0.935451616487057, "_timestamp": 1707158636.288059, "_runtime": 3495.4937250614166, "_step": 88}