{"err_s_label_train": 0.00015916685515549034, "err_s_domain_train": 0.005093842279165983, "err_t_label_train": 0.013595334254205227, "err_t_domain_train": 0.0050327046774327755, "total_loss": 0.6519640684127808, "accu_s_test": 0.9196, "accu_t_test": 0.7708032440839907, "_timestamp": 1715636173.0496798, "_runtime": 533.9859516620636, "_step": 99, "_wandb": {"runtime": 532}}