{"err_s_label_train": 0.03049536421895027, "err_s_domain_train": 0.00469970004633069, "err_t_label_train": 4.267499753041193e-05, "err_t_domain_train": 0.004963660147041082, "total_loss": 0.7282980680465698, "accu_s_test": 0.9385, "accu_t_test": 0.7672480835462726, "_timestamp": 1715747225.519875, "_runtime": 544.6620230674744, "_step": 99, "_wandb": {"runtime": 543}}