{"err_s_label_train": 0.0002652844996191561, "err_s_domain_train": 0.0055283536203205585, "err_t_label_train": NaN, "err_t_domain_train": 0.004873362369835377, "total_loss": NaN, "accu_s_test": 0.858, "accu_t_test": 0.6388179091212087, "_timestamp": 1714775722.8026125, "_runtime": 5298.571633577347, "_step": 349, "_wandb": {"runtime": 5296}}