{"err_s_label_train": 6.855503082275391, "err_s_domain_train": 86.05172729492188, "err_t_label_train": 0.6231666803359985, "err_t_domain_train": 90.65583801269531, "accu_s_test": 0.8733, "accu_t_test": 0.6479280079991112, "_timestamp": 1709358198.8208616, "_runtime": 1491.772445678711, "_step": 99, "_wandb": {"runtime": 1490}}