{"err_s_label_train": 1.687861442565918, "err_s_domain_train": 0.6883243918418884, "err_t_label_train": 1.5129048824310303, "err_t_domain_train": 0.6782485246658325, "total_loss": 89.06104278564453, "accu_s_test": 0.4274, "accu_t_test": 0.12954116209310076, "_timestamp": 1712579092.1828027, "_runtime": 1321.2272095680237, "_step": 2}