{"err_s_label_train": 1.1519286632537842, "err_s_domain_train": 0.6941551566123962, "err_t_label_train": 0.5956343412399292, "err_t_domain_train": 0.6983115077018738, "total_loss": 89.99164581298828, "accu_s_test": 0.8404, "accu_t_test": 0.6268192423064104, "_timestamp": 1710316772.0804284, "_runtime": 978.6077723503113, "_step": 299, "_wandb": {"runtime": 977}}