{"err_s_label_train": 0.13559304177761078, "err_s_domain_train": 0.0041274214163422585, "err_t_label_train": 0.16837693750858307, "err_t_domain_train": 0.004245183430612087, "total_loss": 0.9303390979766846, "accu_s_test": 0.774, "accu_t_test": 0.4597266970336629, "_timestamp": 1715642148.20305, "_runtime": 537.6667408943176, "_step": 99, "_wandb": {"runtime": 536}}