{"err_s_label_train": 1.3419575691223145, "err_s_domain_train": 44.7844352722168, "err_t_label_train": 0.0017625049222260714, "err_t_domain_train": 43.749332427978516, "accu_s_test": 0.944, "accu_t_test": 0.8182424175091656, "_timestamp": 1709403438.198203, "_runtime": 2576.9762880802155, "_step": 99, "_wandb": {"runtime": 2575}}