{"err_s_label_train": 1.1673340797424316, "err_s_domain_train": 47.661643981933594, "err_t_label_train": 0.43546953797340393, "err_t_domain_train": 41.35783767700195, "accu_s_test": 0.8744, "accu_t_test": 0.7354738362404177, "_timestamp": 1709579555.8897, "_runtime": 671.8640110492706, "_step": 99, "_wandb": {"runtime": 670}}