{"err_s_label_train": 0.0016922159120440483, "err_s_domain_train": 0.004992968402802944, "err_t_label_train": 3.334670327603817e-05, "err_t_domain_train": 0.004765025340020657, "total_loss": 0.6367022395133972, "accu_s_test": 0.9266, "accu_t_test": 0.8096878124652817, "_timestamp": 1715689613.67276, "_runtime": 538.7786209583282, "_step": 99, "_wandb": {"runtime": 537}}