{"err_s_label_train": 4.928975582122803, "err_s_domain_train": 173.63360595703125, "err_t_label_train": 2.861018856492592e-06, "err_t_domain_train": 181.45367431640625, "accu_s_test": 0.9944, "accu_t_test": 0.9377846905899344, "_timestamp": 1707185034.7168849, "_runtime": 4512.883265733719, "_step": 99, "_wandb": {"runtime": 4511}}