{"err_s_label_train": 0.17989689111709595, "err_s_domain_train": 0.003680165857076645, "err_t_label_train": 0.0009416675311513245, "err_t_domain_train": 0.004852385260164738, "total_loss": 0.6548689007759094, "accu_s_test": 0.8155, "accu_t_test": 0.37440284412843017, "_timestamp": 1715468115.243844, "_runtime": 591.8459360599518, "_step": 99, "_wandb": {"runtime": 590}}