{"err_s_label_train": 1.3051817417144775, "err_s_domain_train": 0.6897331476211548, "err_t_label_train": 0.0009278521756641567, "err_t_domain_train": 0.6773869395256042, "total_loss": 88.14873504638672, "accu_s_test": 0.7118, "accu_t_test": 0.43150761026552603, "_timestamp": 1712693405.935756, "_runtime": 2445.0726730823517, "_step": 99, "_wandb": {"runtime": 2443}}