{"err_s_label_train": 8.233528933487833e-05, "err_s_domain_train": 0.004837197717279196, "err_t_label_train": 1.5139465176616795e-05, "err_t_domain_train": 0.00448641087859869, "total_loss": 0.5971570014953613, "accu_s_test": 0.9224, "accu_t_test": 0.7460282190867681, "_timestamp": 1715406771.3236465, "_runtime": 591.9150965213776, "_step": 99, "_wandb": {"runtime": 590}}