{"err_s_label_train": 0.0843210220336914, "err_s_domain_train": 0.004952379036694765, "err_t_label_train": 0.00023797419271431863, "err_t_domain_train": 0.004312694538384676, "total_loss": 0.6397934556007385, "accu_s_test": 0.8295, "accu_t_test": 0.6685923786245973, "_timestamp": 1715649763.24492, "_runtime": 538.4702820777893, "_step": 99, "_wandb": {"runtime": 537}}