{"err_s_label_train": 0.3146926164627075, "err_s_domain_train": 0.0047842771746218204, "err_t_label_train": 0.00038115866482257843, "err_t_domain_train": 0.004855696111917496, "total_loss": 0.8061168193817139, "accu_s_test": 0.7515, "accu_t_test": 0.5126097100322187, "_timestamp": 1715465117.8293562, "_runtime": 589.5007991790771, "_step": 99, "_wandb": {"runtime": 587}}