{"err_s_label_train": 0.7843151092529297, "err_s_domain_train": 0.7093203663825989, "err_t_label_train": 0.0022367238998413086, "err_t_domain_train": 0.7052223086357117, "total_loss": 90.92400360107422, "accu_s_test": 0.674, "accu_t_test": 0.37429174536162646, "_timestamp": 1712721349.6045458, "_runtime": 1119.4950318336487, "_step": 99, "_wandb": {"runtime": 1118}}