{"err_s_label_train": 9.154854342341423e-05, "err_s_domain_train": 0.005608468782156706, "err_t_label_train": NaN, "err_t_domain_train": 0.004970750771462917, "total_loss": NaN, "accu_s_test": 0.7567, "accu_t_test": 0.3975113876235974, "_timestamp": 1714550109.8936317, "_runtime": 14484.41568660736, "_step": 449, "_wandb": {"runtime": 14482}}