{"err_s_label_train": 0.23469287157058716, "err_s_domain_train": 0.44861090183258057, "err_t_label_train": 0.20413097739219666, "err_t_domain_train": 0.47871270775794983, "accu_s_test": 0.956, "accu_t_test": 0.8936784801688701, "_timestamp": 1706824134.412541, "_runtime": 2252.3762028217316, "_step": 99, "_wandb": {"runtime": 2251}}