{"err_s_label_train": 0.32588791847229004, "err_s_domain_train": 0.005589338485151529, "err_t_label_train": 0.0035970115568488836, "err_t_domain_train": 0.005463454872369766, "total_loss": 0.974563717842102, "accu_s_test": 0.7061, "accu_t_test": 0.7285857126985891, "_timestamp": 1715648130.0335443, "_runtime": 535.6919813156128, "_step": 99, "_wandb": {"runtime": 534}}