{"err_s_label_train": 0.0005279162432998419, "err_s_domain_train": 0.004370570182800293, "err_t_label_train": NaN, "err_t_domain_train": 0.00528390146791935, "total_loss": NaN, "accu_s_test": 0.8693, "accu_t_test": 0.7035884901677592, "_timestamp": 1715397796.027404, "_runtime": 589.9353439807892, "_step": 99, "_wandb": {"runtime": 588}}