{"err_s_label_train": 0.001836043898947537, "err_s_domain_train": 0.6863722205162048, "err_t_label_train": 0.022548247128725052, "err_t_domain_train": 0.6987568140029907, "total_loss": 88.66044616699219, "accu_s_test": 0.5618, "accu_t_test": 0.3422953005221642, "_timestamp": 1712218774.084145, "_runtime": 1987.4104361534119, "_step": 99, "_wandb": {"runtime": 1985}}