{"err_s_label_train": 0.01685178652405739, "err_s_domain_train": 0.004871879704296589, "err_t_label_train": 0.0011033413466066122, "err_t_domain_train": 0.005107829812914133, "total_loss": 0.7148654460906982, "accu_s_test": 0.8771, "accu_t_test": 0.7513609598933452, "_timestamp": 1715172814.1370573, "_runtime": 572.6639332771301, "_step": 99, "_wandb": {"runtime": 571}}