{"err_s_label_train": 0.001111339428462088, "err_s_domain_train": 0.005439368542283773, "err_t_label_train": 0.001102116541005671, "err_t_domain_train": 0.005480979103595018, "total_loss": 0.7098907232284546, "accu_s_test": 0.9324, "accu_t_test": 0.8589045661593157, "_timestamp": 1715775892.3697824, "_runtime": 545.4702084064484, "_step": 99, "_wandb": {"runtime": 543}}