{"err_s_label_train": 0.037015482783317566, "err_s_domain_train": 0.004905750509351492, "err_t_label_train": 0.019450118765234947, "err_t_domain_train": 0.00477523822337389, "total_loss": 0.754286527633667, "accu_s_test": 0.9179, "accu_t_test": 0.8246861459837795, "_timestamp": 1715422318.086868, "_runtime": 590.3070809841156, "_step": 99, "_wandb": {"runtime": 588}}