{"err_s_label_train": 0.000680325145367533, "err_s_domain_train": 0.004852854181081057, "err_t_label_train": NaN, "err_t_domain_train": 0.004862276837229729, "total_loss": NaN, "accu_s_test": 0.8815, "accu_t_test": 0.7901344295078324, "_timestamp": 1714161078.7220695, "_runtime": 1254.4738783836365, "_step": 149, "_wandb": {"runtime": 1252}}