{"err_s_label_train": 0.027904177084565163, "err_s_domain_train": 0.005198790691792965, "err_t_label_train": NaN, "err_t_domain_train": 0.005444549489766359, "total_loss": NaN, "accu_s_test": 0.8517, "accu_t_test": 0.49994445061659815, "_timestamp": 1715400192.4316945, "_runtime": 591.2741024494171, "_step": 99, "_wandb": {"runtime": 588}}