{"err_s_label_train": 0.0007051887223497033, "err_s_domain_train": 0.0054937610402703285, "err_t_label_train": 0.00017475092317909002, "err_t_domain_train": 0.005121384747326374, "total_loss": 0.6847636699676514, "accu_s_test": 0.9307, "accu_t_test": 0.8406843684035107, "_timestamp": 1715773136.151097, "_runtime": 542.8193650245667, "_step": 99, "_wandb": {"runtime": 541}}